City_ID,City,Lat,Lng,Max Temp,Humidity,Cloudiness,Wind Speed,Country,Date
0,nikolskoye,59.7035,30.7861,14.94,64,74,2.06,RU,1681135158
1,upernavik,72.7868,-56.1549,-17.57,97,100,8.13,GL,1681135159
2,liverpool,53.4106,-2.9779,13.41,89,75,6.17,GB,1681135159
3,leningradskiy,69.3833,178.4167,-24.78,95,100,3.27,RU,1681135159
4,guinticgan,11.5641,123.1236,27.07,75,100,5.37,PH,1681135159
5,butaritari,3.0707,172.7902,26.71,82,100,5.31,KI,1681135160
6,rikitea,-23.1203,-134.9692,24.11,72,66,3.82,PF,1681135161
7,jacareacanga,-6.2222,-57.7528,27.61,81,100,0.94,BR,1681135161
8,the valley,18.217,-63.0578,27.83,78,20,5.66,AI,1681135162
9,asau,46.4333,26.4,14.6,62,77,1.73,RO,1681135162
10,peleduy,59.6289,112.7406,-10.61,97,100,0.52,RU,1681135163
11,cockburn town,21.4612,-71.1419,25.77,72,0,2.0,TC,1681135164
12,iskateley,67.6803,53.1512,0.06,97,100,7.45,RU,1681135164
13,kapaa,22.0752,-159.319,23.18,87,40,8.75,US,1681135165
14,punta arenas,-53.15,-70.9167,6.01,75,75,3.09,CL,1681135165
15,fortuna,40.5982,-124.1573,10.52,94,91,3.58,US,1681135165
16,nishihara,26.1842,127.7558,20.03,70,20,5.14,JP,1681135166
17,qaanaaq,77.484,-69.3632,-21.51,72,0,1.6,GL,1681135166
18,ribeira grande,38.5167,-28.7,18.22,72,20,4.02,PT,1681135166
19,ushuaia,-54.8,-68.3,4.79,75,20,2.57,AR,1681135167
20,umm kaddadah,13.6017,26.6876,40.53,5,57,3.42,SD,1681135167
21,tsabong,-26.0217,22.401,25.33,13,2,5.9,BW,1681135168
22,axim,4.8699,-2.2405,29.07,70,100,3.76,GH,1681135168
23,lagoa,39.05,-27.9833,15.19,74,97,4.69,PT,1681135169
24,port elizabeth,-33.918,25.5701,18.94,63,40,12.86,ZA,1681135001
25,ponta do sol,32.6667,-17.1,25.07,43,0,2.44,PT,1681135169
26,padang,-0.9492,100.3543,25.03,85,100,1.57,ID,1681135170
27,elliot,-31.3333,27.85,18.65,26,1,5.58,ZA,1681135170
28,normandin,48.8333,-72.5321,6.17,69,0,1.54,CA,1681135170
29,smithers,54.7804,-127.1743,1.18,80,100,3.09,CA,1681135171
30,dikson,73.5069,80.5464,-23.38,99,100,3.82,RU,1681135171
31,mogocha,53.7333,119.7667,-3.68,95,100,5.22,RU,1681135172
32,airai,-8.9266,125.4092,15.69,96,89,1.0,TL,1681135172
33,samana,19.2056,-69.3369,24.12,94,40,0.0,DO,1681135172
34,luganville,-15.5333,167.1667,26.97,85,87,2.88,VU,1681135173
35,port blair,11.6667,92.75,28.5,71,4,0.53,IN,1681135173
36,sorong,-0.8833,131.25,27.23,80,26,2.68,ID,1681135174
37,egvekinot,66.3167,-179.1667,-25.34,89,77,2.74,RU,1681135174
38,boa vista,2.8197,-60.6733,29.99,51,0,5.66,BR,1681134912
39,avarua,-21.2078,-159.775,25.03,83,20,2.06,CK,1681135175
40,hilo,19.7297,-155.09,19.58,88,0,4.12,US,1681135035
41,faanui,-16.4833,-151.75,27.7,73,94,4.36,PF,1681135175
42,victoria,22.2855,114.1577,23.03,89,93,0.45,HK,1681135070
43,puerto ayora,-0.7393,-90.3518,28.64,81,20,0.22,EC,1681135176
44,castro,-24.7911,-50.0119,18.41,80,76,2.84,BR,1681134917
45,vaini,-21.2,-175.2,26.09,89,20,3.6,TO,1681135177
46,florianopolis,-27.6146,-48.5012,24.2,87,75,5.66,BR,1681135177
47,flinders,-34.5833,150.8552,12.25,71,7,3.45,AU,1681135177
48,port lincoln,-34.7333,135.8667,17.66,64,47,7.44,AU,1681135178
49,kupang,-10.1667,123.5833,25.83,89,100,3.83,ID,1681135178
50,arraial do cabo,-22.9661,-42.0278,25.98,73,75,4.12,BR,1681134926
51,huarmey,-10.0681,-78.1522,25.98,78,51,3.27,PE,1681135178
52,gidole,5.65,37.3667,24.73,31,97,1.1,ET,1681135179
53,severo-kurilsk,50.6789,156.125,-1.48,87,99,18.66,RU,1681135179
54,yellowknife,62.456,-114.3525,-1.71,86,100,6.17,CA,1681134917
55,ola,59.5833,151.2833,-10.98,75,100,4.23,RU,1681135179
56,kahului,20.8947,-156.47,23.25,78,0,5.66,US,1681135180
57,cape town,-33.9258,18.4232,20.06,51,40,5.14,ZA,1681135126
58,gwanda,-20.9333,29.0,25.92,41,90,5.37,ZW,1681135180
59,cerrito,6.8432,-72.694,16.26,73,49,0.99,CO,1681135181
60,cururupu,-1.8283,-44.8683,27.33,87,100,0.77,BR,1681135181
61,bambous virieux,-20.3428,57.7575,25.14,94,75,0.0,MU,1681135181
62,nara,34.6851,135.8049,15.62,44,0,1.44,JP,1681135057
63,torbay,47.6666,-52.7314,2.38,88,100,9.26,CA,1681135182
64,guerrero negro,27.9769,-114.0611,13.77,93,2,3.28,MX,1681135182
65,massakory,12.996,15.7293,40.11,12,80,5.18,TD,1681135183
66,nehe,48.4833,124.8333,7.11,44,2,2.32,CN,1681135183
67,arlit,18.7369,7.3853,39.08,8,84,7.95,NE,1681135183
68,albany,42.6001,-73.9662,9.63,45,9,0.45,US,1681135137
69,qobustan,40.0824,49.412,13.28,70,100,3.88,AZ,1681135184
70,bluff,-46.6,168.3333,11.56,98,100,6.89,NZ,1681135184
71,tessalit,20.1986,1.0114,32.94,11,100,8.85,ML,1681135185
72,hithadhoo,-0.6,73.0833,28.27,66,13,1.57,MV,1681135185
73,klaksvik,62.2266,-6.589,8.51,91,100,0.62,FO,1681135186
74,teya,60.3778,92.6267,-6.24,97,100,1.45,RU,1681135186
75,east london,-33.0153,27.9116,20.52,60,0,8.23,ZA,1681135186
76,fare,-16.7,-151.0167,26.94,78,100,3.86,PF,1681135187
77,pipri,19.8,75.5333,34.32,33,40,0.0,IN,1681135187
78,mar del plata,-38.0023,-57.5575,17.13,72,75,7.2,AR,1681135188
79,cidreira,-30.1811,-50.2056,25.58,64,1,1.41,BR,1681135188
80,kamenka,51.3223,42.7678,13.51,28,2,2.53,RU,1681135188
81,saint-philippe,-21.3585,55.7679,26.77,79,100,1.23,RE,1681135188
82,new norfolk,-42.7826,147.0587,11.51,78,100,0.93,AU,1681135189
83,gamba,-2.65,10.0,28.58,70,100,3.97,GA,1681135189
84,port alfred,-33.5906,26.891,18.99,66,3,5.81,ZA,1681135190
85,fethiye,36.6217,29.1164,17.93,69,9,4.13,TR,1681135190
86,fairbanks,64.8378,-147.7164,-17.88,75,0,0.0,US,1681134900
87,geraldton,-28.7667,114.6,20.23,60,100,5.66,AU,1681135081
88,halifax,44.6453,-63.5724,12.05,41,1,2.24,CA,1681134953
89,georgetown,5.4112,100.3354,29.96,83,20,1.03,MY,1681135191
90,chokurdakh,70.6333,147.9167,-22.55,96,93,3.65,RU,1681135191
91,mount gambier,-37.8333,140.7667,11.32,81,72,0.89,AU,1681135192
92,quatre cocos,-20.2078,57.7625,25.06,83,100,2.41,MU,1681135192
93,kushima,31.4583,131.2333,14.99,77,94,2.83,JP,1681135192
94,kaeo,-35.1,173.7833,14.07,95,12,2.93,NZ,1681135193
95,jiangyou,31.7667,104.7167,19.99,62,100,2.02,CN,1681135193
96,codrington,-38.2667,141.9667,13.46,79,100,3.2,AU,1681135193
97,fallon,39.4735,-118.7774,7.93,66,0,1.54,US,1681135192
98,alofi,-19.0595,-169.9187,24.94,94,40,2.06,NU,1681135194
99,half moon bay,37.4636,-122.4286,12.79,86,100,5.66,US,1681135034
100,mount isa,-20.7333,139.5,15.87,59,85,0.0,AU,1681135194
101,nidzica,53.3605,20.4275,14.77,49,47,1.83,PL,1681135195
102,bredasdorp,-34.5322,20.0403,16.38,57,99,7.52,ZA,1681135195
103,pisco,-13.7,-76.2167,23.9,83,80,2.06,PE,1681135195
104,tocopilla,-22.092,-70.1979,23.52,65,6,3.29,CL,1681135195
105,tuktoyaktuk,69.4541,-133.0374,-19.0,84,75,3.09,CA,1681135196
106,mujiayingzi,42.1167,118.7833,8.72,27,46,11.09,CN,1681135196
107,crotone,39.0851,17.1178,11.34,78,89,5.12,IT,1681135197
108,jamestown,42.097,-79.2353,9.45,55,0,2.06,US,1681135198
109,ketchikan,55.3422,-131.6461,2.26,93,100,4.12,US,1681135198
110,hermanus,-34.4187,19.2345,16.56,61,98,6.78,ZA,1681135198
111,mataura,-46.1927,168.8643,11.38,98,100,0.81,NZ,1681135199
112,sao jose da coroa grande,-8.8978,-35.1478,27.84,72,94,3.28,BR,1681135199
113,carnarvon,-24.8667,113.6333,22.45,63,4,6.34,AU,1681135200
114,haicheng,40.8516,122.7475,12.09,73,100,2.64,CN,1681135201
115,namatanai,-3.6667,152.4333,26.66,80,100,5.19,PG,1681135218
116,bathsheba,13.2167,-59.5167,29.34,65,75,9.77,BB,1681135220
117,chulman,56.8479,124.9104,-9.13,95,100,0.73,RU,1681135223
118,lavrentiya,65.5833,-171.0,-30.75,98,5,2.94,RU,1681135224
119,dingle,10.9995,122.6711,24.93,72,100,3.2,PH,1681135225
120,provins,48.5833,3.1667,17.62,68,100,6.27,FR,1681135226
121,ostrovnoy,68.0531,39.5131,1.66,87,100,9.56,RU,1681135227
122,kaitangata,-46.2817,169.8464,13.19,99,100,1.44,NZ,1681135227
123,sabang,5.8933,95.3214,28.87,71,88,2.46,ID,1681135228
124,formosa,-26.1775,-58.1781,29.98,55,20,1.03,AR,1681135228
125,baykalovo,57.3981,63.7684,2.32,40,86,5.39,RU,1681135229
126,yumen,40.2833,97.2,11.46,23,100,0.99,CN,1681135229
127,prince rupert,54.3161,-130.3201,4.83,87,100,11.32,CA,1681135230
128,suslovo,56.2167,88.1167,2.4,76,100,6.86,RU,1681135230
129,kruisfontein,-34.0033,24.7314,17.71,73,75,12.51,ZA,1681135231
130,solnechnyy,50.7214,136.6319,1.66,75,52,1.35,RU,1681135231
131,busselton,-33.65,115.3333,18.48,70,37,13.89,AU,1681135239
132,aljezur,37.3191,-8.8033,15.85,82,71,8.09,PT,1681135242
133,naze,28.3667,129.4833,17.51,64,2,4.87,JP,1681135189
134,tasiilaq,65.6145,-37.6368,2.09,99,100,3.45,GL,1681135243
135,touros,-5.1989,-35.4608,28.76,70,100,4.38,BR,1681135090
136,talcahuano,-36.7167,-73.1167,15.82,77,75,0.51,CL,1681135244
137,muros,42.7762,-9.0603,17.3,76,100,4.01,ES,1681135245
138,luwuk,-0.9516,122.7875,26.39,82,7,2.93,ID,1681135246
139,laguna,38.421,-121.4238,14.62,89,0,0.0,US,1681135247
140,tongliao,43.6125,122.2653,12.87,56,100,10.33,CN,1681135247
141,port hardy,50.6996,-127.4199,7.0,100,75,2.57,CA,1681135248
142,clyde river,70.4692,-68.5914,-24.87,77,0,1.03,CA,1681135249
143,lukulu,-14.3707,23.242,26.59,60,100,1.51,ZM,1681135250
144,whitehorse,60.7161,-135.0538,-0.57,69,75,4.12,CA,1681135212
145,flin flon,54.7682,-101.865,-0.09,86,75,0.0,CA,1681135214
146,bagan,54.1001,77.6646,5.92,52,6,4.45,RU,1681135251
147,pierre,44.3683,-100.351,7.38,69,84,0.45,US,1681135206
148,hobart,-42.8794,147.3294,11.7,89,100,5.14,AU,1681135057
149,longyearbyen,78.2186,15.6401,-1.09,74,75,6.17,SJ,1681135252
150,mahebourg,-20.4081,57.7,25.16,94,75,0.0,MU,1681135253
151,broome,42.2506,-75.833,10.75,50,6,0.89,US,1681135253
152,tiksi,71.6872,128.8694,-27.78,100,31,0.78,RU,1681135254
153,cabo san lucas,22.8909,-109.9124,22.51,48,0,0.0,MX,1681135254
154,borogontsy,62.6683,131.1683,-13.05,93,77,2.97,RU,1681135254
155,aklavik,68.2191,-135.0107,-14.0,78,100,6.17,CA,1681135255
156,pangkalanbuun,-2.6833,111.6167,23.82,94,100,1.07,ID,1681135255
157,araouane,18.9048,-3.5265,34.77,10,90,5.96,ML,1681135255
158,saldanha,-33.0117,17.9442,20.03,68,0,4.75,ZA,1681135255
159,nsukka,6.8561,7.3927,33.96,40,100,3.47,NG,1681135256
160,bonthe,7.5264,-12.505,29.49,65,79,3.74,SL,1681135256
161,ambon,-3.6954,128.1814,26.08,89,20,2.57,ID,1681135257
162,burayevo,55.8407,55.4083,6.17,54,86,5.83,RU,1681135257
163,urumqi,43.801,87.6005,11.53,26,0,2.0,CN,1681135093
164,avera,33.194,-82.5271,10.86,51,100,6.15,US,1681135258
165,marawi,7.9986,124.2928,19.72,93,100,0.6,PH,1681135259
166,barrow,71.2906,-156.7887,-22.99,77,100,3.6,US,1681135259
167,ambilobe,-13.2,49.05,26.16,84,93,2.08,MG,1681135260
168,la ronge,55.1001,-105.2842,5.14,60,20,3.09,CA,1681135261
169,bethel,41.3712,-73.414,11.9,56,9,0.45,US,1681135262
170,norman wells,65.282,-126.8329,-4.98,86,100,4.12,CA,1681135262
171,praya,14.9215,-23.5087,26.3,47,20,9.77,CV,1681135263
172,san fernando,15.0286,120.6898,29.85,70,100,1.62,PH,1681135264
173,souillac,-20.5167,57.5167,25.21,94,75,0.0,MU,1681135266
174,faya,18.3851,42.4509,21.06,46,0,6.2,SA,1681135267
175,cordoba,-31.4135,-64.1811,26.9,60,0,0.51,AR,1681135112
176,kavieng,-2.5744,150.7967,25.59,88,100,6.31,PG,1681135269
177,koubia,11.5833,-11.9,34.45,27,96,1.19,GN,1681135269
178,anta,25.15,76.3,33.2,12,100,1.55,IN,1681135270
179,valleyview,55.0667,-117.2859,0.02,74,21,3.6,CA,1681135271
180,vangaindrano,-23.35,47.6,25.33,79,2,2.33,MG,1681135272
181,rocha,-34.4833,-54.3333,25.0,53,5,1.6,UY,1681135272
182,thompson,55.7435,-97.8558,-0.91,80,75,1.03,CA,1681135214
183,olinda,-8.0089,-34.8553,29.85,66,75,4.63,BR,1681135274
184,lebu,-37.6167,-73.65,17.12,79,100,1.24,CL,1681135275
185,cassilandia,-19.1133,-51.7342,25.36,70,100,2.78,BR,1681135058
186,ayagoz,47.9714,80.4392,7.09,38,100,0.97,KZ,1681135258
187,champerico,14.3,-91.9167,23.3,63,0,1.96,GT,1681135276
188,yar-sale,66.8333,70.8333,-14.38,90,100,5.99,RU,1681135276
189,hualmay,-11.0964,-77.6139,25.26,78,66,4.42,PE,1681135277
190,conde,-7.2597,-34.9075,29.7,70,40,6.17,BR,1681135135
191,mogadishu,2.0371,45.3438,29.93,79,40,5.14,SO,1681135215
192,orlik,52.5178,99.825,-13.12,87,71,2.28,RU,1681135281
193,abha,18.2164,42.5053,20.9,49,40,8.23,SA,1681135281
194,ancona,43.55,13.1667,14.11,57,14,5.66,IT,1681135281
195,hasaki,35.7333,140.8333,15.22,68,96,9.9,JP,1681135131
196,sitka,57.0531,-135.33,-0.43,83,100,2.5,US,1681135282
197,santa isabel do rio negro,-0.4139,-65.0192,25.23,85,100,1.1,BR,1681135282
198,high level,58.5169,-117.136,3.06,65,40,2.57,CA,1681135284
199,kapuskasing,49.4169,-82.4331,8.05,61,100,6.17,CA,1681135022
200,djibo,14.1022,-1.6306,40.34,9,15,4.14,BF,1681135285
201,bengkulu,-3.8004,102.2655,25.49,82,93,1.21,ID,1681135287
202,ilulissat,69.2167,-51.1,-2.99,93,100,1.54,GL,1681135288
203,lompoc,34.6391,-120.4579,15.32,100,0,1.54,US,1681135288
204,salalah,17.0151,54.0924,28.29,67,0,3.05,OM,1681135289
205,nerja,36.7585,-3.8873,32.1,44,78,1.34,ES,1681135289
206,verkhnevilyuysk,63.4453,120.3167,-18.25,97,100,1.51,RU,1681135292
207,phan thiet,10.9333,108.1,26.76,80,85,4.94,VN,1681135292
208,pevek,69.7008,170.3133,-30.09,100,93,2.56,RU,1681135292
209,meulaboh,4.1363,96.1285,26.17,82,88,1.16,ID,1681135293
210,harper,4.375,-7.7169,29.09,68,100,3.8,LR,1681135294
211,saint george,37.1041,-113.5841,11.33,50,0,2.57,US,1681135274
212,kloulklubed,7.0419,134.2556,27.28,75,100,6.65,PW,1681135294
213,sfantu gheorghe,45.8667,25.7833,13.09,48,88,1.14,RO,1681135295
214,ulaangom,49.9811,92.0667,-4.68,61,12,1.81,MN,1681135296
215,khatanga,71.9667,102.5,-20.38,100,100,2.09,RU,1681135296
216,sal rei,16.1833,-22.9167,25.11,50,40,7.2,CV,1681135296
217,garmsar,35.2182,52.3409,26.67,16,89,1.91,IR,1681135297
218,constitucion,-35.3333,-72.4167,18.95,62,100,0.92,CL,1681135297
219,iqaluit,63.7506,-68.5145,-23.15,77,20,1.03,CA,1681135297
220,alyangula,-13.8483,136.4192,27.32,79,100,3.27,AU,1681135297
221,quelimane,-17.8786,36.8883,30.97,70,20,4.63,MZ,1681135298
222,kandrian,-6.2167,149.55,24.97,91,100,2.44,PG,1681135298
223,vieira de leiria,39.8695,-8.9324,23.25,60,40,6.17,PT,1681135299
224,atuona,-9.8,-139.0333,27.05,77,3,6.73,PF,1681135211
225,roma,43.2128,-75.4557,12.27,49,6,0.99,US,1681135299
226,provideniya,64.3833,-173.3,-24.12,96,57,2.33,RU,1681135299
227,pekan,3.4836,103.3996,28.06,80,93,2.75,MY,1681135300
228,conceicao da barra,-18.5933,-39.7322,28.58,62,100,5.41,BR,1681135300
229,mayo,38.8876,-76.5119,12.97,43,0,2.06,US,1681135300
230,gushikawa,26.3544,127.8686,20.0,68,20,5.14,JP,1681135301
231,bandarbeyla,9.4942,50.8122,28.78,70,42,6.1,SO,1681135301
232,amarpur,25.0333,86.9,31.27,11,3,3.63,IN,1681135301
233,la serena,-29.9078,-71.2542,14.73,94,75,1.54,CL,1681135161
234,sioux lookout,50.1001,-91.917,2.04,80,40,1.54,CA,1681135302
235,santa pola,38.1917,-0.5658,23.61,70,0,4.12,ES,1681135303
236,gillette,44.2911,-105.5022,8.81,62,4,1.34,US,1681135205
237,angoche,-16.2325,39.9086,28.17,74,23,3.2,MZ,1681135303
238,havoysund,70.9963,24.6622,4.13,85,100,8.59,NO,1681135303
239,esperance,-33.8667,121.9,20.3,57,15,4.22,AU,1681135304
240,fort nelson,58.8053,-122.7002,0.77,50,20,2.57,CA,1681135304
241,baruun-urt,46.6806,113.2792,-6.25,33,100,12.79,MN,1681135305
242,topeka,39.0483,-95.678,15.83,72,75,5.14,US,1681135024
243,taoudenni,22.6783,-3.9836,34.18,11,24,6.42,ML,1681135305
244,nanortalik,60.1432,-45.2371,1.05,90,100,2.03,GL,1681135306
245,necochea,-38.5473,-58.7368,15.47,56,16,7.21,AR,1681135018
246,riyadh,24.6877,46.7219,32.08,7,100,2.51,SA,1681135306
247,nampula,-15.1165,39.2666,30.97,51,40,1.54,MZ,1681135306
248,makakilo city,21.3469,-158.0858,22.05,87,75,2.57,US,1681135307
249,malanje,-9.5402,16.341,22.83,88,100,2.05,AO,1681135307
250,kislovodsk,43.9133,42.7208,12.8,76,100,6.8,RU,1681135307
251,kaili,-3.4626,120.2147,19.2,88,40,1.94,ID,1681135308
252,naro moru,-0.1676,37.0213,19.72,61,96,2.26,KE,1681135308
253,ntungamo,-0.8833,29.65,28.27,47,99,1.53,UG,1681135308
254,san rafael,-34.6177,-68.3301,17.57,53,24,5.99,AR,1681135309
255,chapais,49.7834,-74.8492,3.88,80,51,5.26,CA,1681135309
256,hofn,64.2539,-15.2082,6.01,87,100,3.6,IS,1681135309
257,ugoofaaru,5.6667,73.0,28.83,72,10,4.64,MV,1681135150
258,noshiro,40.2039,140.0242,9.58,91,73,3.71,JP,1681135310
259,karratha,-20.7377,116.8463,29.02,37,74,5.96,AU,1681135310
260,haines junction,60.7522,-137.5108,-5.03,80,81,1.54,CA,1681135311
261,puerto madryn,-42.7692,-65.0385,10.56,55,100,4.82,AR,1681135311
262,havre-saint-pierre,50.2334,-63.5986,2.2,64,0,3.09,CA,1681135312
263,kodiak,57.79,-152.4072,-6.95,63,0,6.17,US,1681135312
264,taiobeiras,-15.8078,-42.2331,28.04,50,100,3.13,BR,1681135312
265,shiraz,29.6036,52.5388,25.69,15,20,2.06,IR,1681135313
266,ayr,55.4627,-4.6339,13.51,71,20,6.69,GB,1681135313
267,murgab,37.4966,61.9714,22.93,27,0,3.09,TM,1681135314
268,lasa,46.6166,10.7002,15.38,41,96,1.01,IT,1681135314
269,luderitz,-26.6481,15.1594,23.8,37,0,11.78,NA,1681135179
270,huilong,31.8111,121.655,15.52,86,100,8.01,CN,1681135120
271,walvis bay,-22.9575,14.5053,19.05,52,1,5.13,NA,1681135315
272,elizabeth city,36.2946,-76.2511,12.25,70,0,1.34,US,1681135299
273,healdsburg,38.6105,-122.8692,13.42,94,2,0.91,US,1681135316
274,martil,35.6166,-5.2752,30.98,35,0,4.12,MA,1681135316
275,sistranda,63.7256,8.834,10.98,77,100,3.88,NO,1681135316
276,nagato,34.3833,131.2,11.95,80,73,3.24,JP,1681135317
277,ondjiva,-17.0667,15.7333,31.76,27,89,3.71,AO,1681135317
278,tokur,53.1333,132.9,-4.49,96,100,1.78,RU,1681135318
279,la palma,33.8464,-118.0467,16.84,94,100,0.45,US,1681135318
280,caravelas,-17.7125,-39.2481,26.97,79,92,6.3,BR,1681135318
281,mehamn,71.0357,27.8492,2.97,87,75,9.26,NO,1681135319
282,yerbogachen,61.2767,108.0108,-21.84,98,63,0.8,RU,1681135319
283,tezu,27.9167,96.1667,23.94,40,34,2.05,IN,1681135319
284,emba,48.8264,58.1442,14.36,36,28,3.37,KZ,1681135320
285,bereda,43.2686,-7.5406,18.97,63,100,2.93,ES,1681135320
286,griffith,41.5284,-87.4237,14.1,47,0,3.6,US,1681135321
287,alenquer,-1.9417,-54.7383,26.45,88,89,1.19,BR,1681135321
288,tuatapere,-46.1333,167.6833,13.09,96,100,0.86,NZ,1681135324
289,esik,43.3552,77.4525,12.68,82,100,3.46,KZ,1681135324
290,ucluelet,48.9329,-125.5528,5.17,92,100,3.01,CA,1681135325
291,samarai,-10.6167,150.6667,27.39,79,100,2.74,PG,1681135326
292,san patricio,28.017,-97.5169,21.02,85,91,2.74,US,1681135326
293,waldshut-tiengen,47.6232,8.2172,19.17,59,100,1.76,DE,1681135326
294,talnakh,69.4865,88.3972,-27.11,99,16,1.4,RU,1681135327
295,abu samrah,35.3029,37.1841,25.96,31,55,1.81,SY,1681135327
296,terrace bay,48.7834,-87.1,1.82,100,100,2.0,CA,1681135327
297,rabaul,-4.1967,152.1721,26.07,83,100,2.22,PG,1681135328
298,hami,42.8,93.45,14.23,15,0,3.32,CN,1681135328
299,mbulu,-3.85,35.5333,24.72,39,99,3.74,TZ,1681135329
300,payo,-3.7508,103.6372,23.58,96,100,0.73,ID,1681135329
301,santo tomas,14.1079,121.1414,27.14,88,100,2.43,PH,1681135329
302,atherton,53.5237,-2.4935,13.19,89,100,1.34,GB,1681135329
303,amalapuram,16.5833,82.0167,26.79,70,0,2.55,IN,1681135330
304,niksar,40.5917,36.9517,17.2,66,51,4.58,TR,1681135330
305,ancud,-41.8697,-73.8203,13.89,98,100,1.67,CL,1681135332
306,kralendijk,12.15,-68.2667,25.56,88,7,8.8,BQ,1681135332
307,payerne,46.822,6.9361,17.9,47,100,3.66,CH,1681135333
308,gravdal,68.1214,13.5031,7.94,49,0,3.6,NO,1681135333
309,barcelos,41.5388,-8.6151,19.4,61,98,4.27,PT,1681135160
310,totness,5.8833,-56.3167,28.81,67,100,4.13,SR,1681135334
311,yarada,17.65,83.2667,31.18,58,20,2.06,IN,1681135334
312,lewisville,33.0462,-96.9942,16.9,86,75,3.09,US,1681135335
313,khash,28.2211,61.2158,25.44,13,28,5.44,IR,1681135335
314,rancagua,-34.1708,-70.7444,15.92,39,0,0.51,CL,1681135300
315,sovetskiy,61.3614,63.5842,-4.99,86,100,3.61,RU,1681135336
316,thinadhoo,0.5333,72.9333,28.68,67,86,2.92,MV,1681135336
317,mabaruma,8.2,-59.7833,27.84,64,99,2.12,GY,1681135337
318,vardo,70.3705,31.1107,1.99,87,100,7.72,NO,1681135337
319,nuuk,64.1835,-51.7216,0.34,74,75,5.14,GL,1681135338
320,oyama,36.3,139.8,18.1,55,100,1.7,JP,1681135315
321,vestmannaeyjar,63.4427,-20.2734,4.55,93,75,4.12,IS,1681135338
322,ust-nera,64.5667,143.2,-21.31,99,100,0.79,RU,1681135339
323,adrar,20.5022,-10.0711,34.14,14,58,9.09,MR,1681135340
324,okha,53.5739,142.9478,-7.67,87,15,4.03,RU,1681135340
325,biak,-0.9131,122.8766,24.96,84,7,2.02,ID,1681135341
326,torrington,41.8007,-73.1212,11.86,47,8,1.34,US,1681135342
327,carutapera,-1.195,-46.02,27.54,84,97,0.9,BR,1681135342
328,chipinge,-20.1883,32.6236,25.17,60,99,1.83,ZW,1681135343
329,pacific grove,36.6177,-121.9166,11.97,89,0,0.45,US,1681135344
330,mastic beach,40.7668,-72.8521,11.97,56,0,6.26,US,1681135213
331,vagur,61.4732,-6.8119,6.64,89,100,5.9,FO,1681135345
332,brae,60.3964,-1.353,7.87,91,100,11.64,GB,1681135346
333,hambantota,6.1241,81.1185,28.19,89,20,2.06,LK,1681135346
334,tam ky,15.5667,108.4833,24.02,94,88,3.09,VN,1681135347
335,vao,-22.6667,167.4833,25.61,83,0,2.74,NC,1681135347
336,calvia,39.5657,2.5062,23.56,56,53,1.79,ES,1681135259
337,sorland,67.667,12.6934,5.92,76,0,5.53,NO,1681135348
338,antalaha,-14.9003,50.2788,26.78,76,24,3.17,MG,1681135349
339,zhigansk,66.7697,123.3711,-27.33,87,56,1.07,RU,1681135349
340,temiscaming,46.7212,-79.0971,6.73,57,99,2.57,CA,1681135350
341,wendelstein,49.3536,11.1483,16.54,44,0,5.66,DE,1681135350
342,korla,41.7597,86.1469,15.79,29,100,2.5,CN,1681135230
343,san cristobal,7.7669,-72.225,21.1,49,17,2.22,VE,1681135351
344,rawson,-43.3002,-65.1023,11.63,48,99,5.57,AR,1681135351
345,kanor,24.4333,74.2667,32.2,15,89,2.71,IN,1681135351
346,maxixe,-23.8597,35.3472,29.9,66,20,5.14,MZ,1681135352
347,khipro,25.8285,69.3772,34.43,20,99,5.74,PK,1681135352
348,malinyi,-8.9333,36.1333,28.54,75,40,1.21,TZ,1681135353
349,kavaratti,10.5669,72.642,28.59,68,5,1.48,IN,1681135353
350,port moresby,-9.4431,147.1797,23.68,94,20,2.57,PG,1681135353
351,nijar,36.9665,-2.206,16.8,77,0,3.09,ES,1681135354
352,katsuura,35.1333,140.3,16.62,70,96,10.22,JP,1681135354
353,caraz,-9.0486,-77.81,19.69,62,48,1.26,PE,1681135354
354,wahpeton,46.2652,-96.6059,2.74,100,0,2.57,US,1681135354
355,evensk,61.95,159.2333,-7.14,56,100,9.89,RU,1681135355
356,kizukuri,40.8061,140.3861,11.64,79,80,3.67,JP,1681135355
357,valparaiso,-33.0393,-71.6273,19.13,67,0,1.54,CL,1681135146
358,takoradi,4.8845,-1.7554,30.22,66,100,4.87,GH,1681135356
359,cayenne,4.9333,-52.3333,25.02,94,75,1.54,GF,1681135356
360,westport,41.1415,-73.3579,12.83,53,6,0.89,US,1681135356
361,vicksburg,32.3526,-90.8779,12.85,100,100,0.0,US,1681135211
362,maridi,4.9158,29.4742,35.87,24,96,2.25,SS,1681135357
363,kolokani,13.5728,-8.0339,34.73,24,99,2.92,ML,1681135357
364,acari,-15.4311,-74.6158,25.41,70,71,2.56,PE,1681135358
365,chalmette,29.9427,-89.9634,17.78,78,100,2.57,US,1681135358
366,nouakchott,18.0858,-15.9785,27.96,60,64,6.46,MR,1681135358
367,lagos,6.5833,3.75,34.18,54,78,3.8,NG,1681134697
368,gombong,-7.6072,109.5142,25.27,88,96,0.92,ID,1681135359
369,balkhash,46.844,74.9804,5.93,50,100,2.89,KZ,1681135359
370,srednekolymsk,67.45,153.6833,-23.59,95,22,3.7,RU,1681135360
371,liku,-0.7275,119.8922,24.16,94,78,0.8,ID,1681135361
372,rutland,43.6167,-73.0162,10.14,43,0,1.34,US,1681135361
373,caloundra,-26.8,153.1333,18.83,63,80,5.08,AU,1681135361
374,thunder bay,48.4001,-89.3168,5.99,70,40,2.06,CA,1681135151
375,corsicana,32.0954,-96.4689,17.87,83,0,0.89,US,1681135086
376,ojinaga,29.5667,-104.4167,19.67,82,0,5.66,MX,1681135363
377,kashin,57.3592,37.6081,13.85,47,47,3.01,RU,1681135363
378,toledo,39.8333,-4.0,25.73,28,77,3.93,ES,1681135246
379,salacgriva,57.7536,24.3581,10.36,56,59,3.44,LV,1681135364
380,labuhan,-6.8844,112.2051,26.43,84,95,2.85,ID,1681135365
381,oktyabrskiy,54.4815,53.471,10.83,38,8,4.36,RU,1681135365
382,saint anthony,45.0205,-93.218,11.8,78,0,2.57,US,1681135157
383,yinchuan,38.4681,106.2731,12.06,11,0,4.82,CN,1681135211
384,hailar,49.2,119.7,-3.0,62,43,10.87,CN,1681135366
385,prince george,53.9166,-122.753,1.46,77,0,3.6,CA,1681135184
386,nabire,-3.3667,135.4833,25.52,91,100,1.51,ID,1681135367
387,lamu,-2.2717,40.902,30.12,66,100,4.06,KE,1681135367
388,barry,51.4067,-3.2694,13.37,74,20,10.8,GB,1681135368
389,nicoya,10.1483,-85.452,28.47,49,9,5.92,CR,1681135368
390,gladstone,-23.85,151.25,20.96,60,22,2.06,AU,1681135368
391,dhidhdhoo,6.8833,73.1,28.98,72,88,5.31,MV,1681135369
392,beringovskiy,63.05,179.3167,-17.29,96,100,4.3,RU,1681135163
393,shenjiamen,29.9576,122.298,15.33,87,1,10.67,CN,1681135370
394,balikpapan,-1.2675,116.8289,25.55,94,20,0.0,ID,1681135370
395,bondo,3.8146,23.6866,36.2,31,89,1.71,CD,1681135370
396,semirom,31.4167,51.5667,16.5,20,39,3.18,IR,1681135371
397,ous,60.9058,61.5186,-4.03,69,34,5.24,RU,1681135371
398,gotsu,35.0,132.2167,11.45,78,0,2.17,JP,1681135371
399,bairnsdale,-37.8333,147.6167,10.03,88,88,2.71,AU,1681135372
400,omboue,-1.5746,9.2618,29.64,67,99,3.68,GA,1681135372
401,pascagoula,30.3658,-88.5561,17.4,82,100,5.54,US,1681135372
402,itoman,26.1247,127.6694,20.01,73,20,4.12,JP,1681135373
403,muisne,0.6,-80.0333,26.69,79,89,1.02,EC,1681135373
404,jhunjhunun,28.1307,75.4014,30.82,11,82,3.26,IN,1681135374
405,chuy,-33.6971,-53.4616,24.4,62,4,0.83,UY,1681135374
406,turka,49.1541,23.0297,7.11,89,100,2.65,UA,1681135374
407,kushmurun,52.4503,64.6311,9.74,49,26,3.8,KZ,1681135374
408,cabrera,19.6426,-69.9049,23.96,73,4,3.72,DO,1681135375
409,tuskegee,32.424,-85.6916,13.64,59,100,3.13,US,1681135375
410,samandag,36.0842,35.9771,24.29,54,97,0.54,TR,1681135375
411,ixtapa,20.7,-105.2,19.57,83,75,2.06,MX,1681135376
412,olafsvik,64.8945,-23.7142,5.39,80,16,2.22,IS,1681135376
413,ocos,14.5094,-92.1933,27.61,64,24,2.2,GT,1681135376
414,terekli-mekteb,44.1671,45.8698,16.79,48,100,8.58,RU,1681135377
415,ribeira brava,32.65,-17.0667,25.07,43,0,2.91,PT,1681135377
416,maceio,-9.6658,-35.7353,31.69,62,75,3.6,BR,1681135226
417,peniche,39.3558,-9.3811,21.83,70,30,5.02,PT,1681135378
418,tura,25.5198,90.2201,25.0,24,51,1.51,IN,1681135378
419,drezdenko,52.8383,15.8308,16.61,52,64,3.62,PL,1681135378
420,bijie,27.3125,105.2942,16.96,70,0,2.26,CN,1681135379
421,kalmunai,7.4167,81.8167,27.61,72,0,3.44,LK,1681135379
422,bambanglipuro,-7.95,110.2833,25.33,87,100,2.97,ID,1681135379
423,san vicente,-26.6167,-54.1333,25.87,54,0,2.0,AR,1681135380
424,petropavlovsk-kamchatskiy,53.0452,158.6483,1.33,80,75,2.0,RU,1681135380
425,farafenni,13.5667,-15.6,36.01,13,1,2.54,GM,1681135381
426,road town,18.4167,-64.6167,27.02,69,40,4.12,VG,1681135382
427,ternate,0.8,127.4,27.18,82,47,3.87,ID,1681135382
428,magadan,59.5667,150.8,-11.87,73,98,4.17,RU,1681135383
429,waddan,29.1614,16.139,22.17,18,3,7.52,LY,1681135383
430,zheleznodorozhnyy,55.7503,38.0042,13.12,47,87,3.59,RU,1681135384
431,cap malheureux,-19.9842,57.6142,25.26,82,100,0.45,MU,1681135384
432,tateyama,34.9833,139.8667,16.76,71,79,10.53,JP,1681135385
433,teguldet,57.3064,88.1667,2.06,86,100,5.68,RU,1681135385
434,billings,45.7833,-108.5007,13.18,43,75,8.23,US,1681135153
435,ayan,56.45,138.1667,-11.53,80,2,3.37,RU,1681135386
436,bubaque,11.2833,-15.8333,26.22,49,4,3.34,GW,1681135387
437,richards bay,-28.783,32.0377,23.56,76,100,4.75,ZA,1681135387
438,opuwo,-18.0607,13.84,33.47,19,8,4.2,NA,1681135388
439,san quintin,30.4833,-115.95,13.96,89,8,3.25,MX,1681135392
440,tongren,27.7172,109.1853,19.13,88,2,1.51,CN,1681135392
441,tarauaca,-8.1614,-70.7656,26.38,82,54,1.25,BR,1681135393
442,upata,8.0086,-62.3989,27.88,50,99,3.06,VE,1681135393
443,marquette,46.5333,-87.6335,10.43,48,99,6.26,US,1681135207
444,terrace,54.5163,-128.6035,1.95,100,75,5.14,CA,1681135394
445,casablanca,33.5928,-7.6192,29.12,64,0,3.09,MA,1681135212
446,joinville,-26.3044,-48.8456,23.95,83,75,1.03,BR,1681135121
447,maningrida,-12.0667,134.2667,25.72,85,64,1.41,AU,1681135395
448,banda aceh,5.5577,95.3222,27.44,75,97,0.76,ID,1681135395
449,wanaka,-44.7,169.15,12.28,96,100,0.93,NZ,1681135396
450,whitianga,-36.8333,175.7,16.59,92,14,2.57,NZ,1681135396
451,bela,25.9333,81.9833,30.95,10,44,3.32,IN,1681135397
452,curup,-3.4667,102.5333,20.21,98,99,0.48,ID,1681135397
453,green river,41.5286,-109.4662,4.22,34,100,0.95,US,1681135264
454,olga,43.7444,135.2892,5.02,79,45,3.74,RU,1681135398
455,andros town,24.7,-77.7667,26.98,66,100,2.46,BS,1681135398
456,linkoping,58.4109,15.6216,11.21,40,0,6.69,SE,1681135195
457,nantucket,41.2835,-70.0995,10.64,66,6,7.17,US,1681135221
458,aswan,24.0934,32.907,38.61,20,0,5.66,EG,1681135224
459,sao joao da barra,-21.6403,-41.0511,26.05,66,90,4.62,BR,1681135400
460,manaure,11.7751,-72.4445,27.95,67,20,2.83,CO,1681135400
461,ambovombe,-25.1667,46.0833,25.73,74,0,5.08,MG,1681135400
462,mabiton,12.8334,123.2612,26.13,76,100,4.0,PH,1681135401
463,chicama,-7.8447,-79.1469,25.3,76,71,2.48,PE,1681135401
464,zhezkazgan,47.8043,67.7144,12.99,35,40,3.0,KZ,1681135401
465,namibe,-15.1961,12.1522,25.16,69,94,4.47,AO,1681135183
466,usinsk,65.9939,57.5281,-3.23,97,100,6.47,RU,1681135402
467,luanda,-8.8368,13.2343,30.0,74,75,6.17,AO,1681135403
468,rio grande,-32.035,-52.0986,25.06,67,0,2.58,BR,1681135403
469,mbuji-mayi,-6.15,23.6,30.42,55,96,0.59,CD,1681135404
470,sunrise manor,36.2111,-115.0731,21.28,30,0,1.54,US,1681135405
471,karacakoy,41.4029,28.3834,9.82,94,100,8.83,TR,1681135405
472,mandali,33.7499,45.5541,33.14,12,100,4.56,IQ,1681135405
473,belmonte,-15.8631,-38.8828,26.22,86,61,4.7,BR,1681135394
474,tieli,46.95,128.05,10.15,58,0,3.88,CN,1681135406
475,broken hill,-31.95,141.4333,13.4,54,0,3.18,AU,1681135407
476,portland,45.5234,-122.6762,9.33,95,100,2.06,US,1681134775
477,ilhabela,-23.7781,-45.3581,24.35,64,27,2.35,BR,1681135408
478,vryheid,-27.7695,30.7917,22.88,43,100,2.15,ZA,1681135408
479,acarau,-2.8856,-40.12,26.64,82,100,3.28,BR,1681135409
480,soyo,-6.1349,12.3689,27.25,82,100,2.65,AO,1681135409
481,banjar,-8.19,114.9675,25.26,90,100,2.57,ID,1681135409
482,acoyapa,11.9703,-85.1711,26.05,59,86,6.58,NI,1681135410
483,moron,-34.6534,-58.6198,24.44,59,35,1.81,AR,1681135410
484,maltahohe,-24.8333,16.9833,23.12,14,0,4.23,NA,1681135411
485,itacoatiara,-3.1431,-58.4442,29.91,70,79,0.76,BR,1681135411
486,saint-joseph,-21.3667,55.6167,26.21,81,100,1.62,RE,1681135412
487,merauke,-8.4667,140.3333,27.17,78,100,1.62,ID,1681135281
488,bad freienwalde,52.7873,14.0304,16.95,63,100,5.36,DE,1681135412
489,lipin bor,60.2622,37.9763,2.74,90,100,1.54,RU,1681135413
490,registro,-24.4875,-47.8436,26.47,56,17,1.39,BR,1681135414
491,husavik,66.0449,-17.3389,3.56,98,100,3.68,IS,1681135414
492,puerto carreno,6.189,-67.4859,26.99,78,40,2.06,CO,1681135414
493,te anau,-45.4167,167.7167,11.47,90,100,0.41,NZ,1681135415
494,kaputa,-8.4689,29.6619,24.86,75,100,0.87,ZM,1681135416
495,khani,41.9563,42.9566,10.76,92,100,2.21,GE,1681135417
496,kumluca,36.3703,30.2869,16.84,81,46,2.82,TR,1681135417
497,alice springs,-23.7,133.8833,20.75,40,38,3.09,AU,1681135418
498,cherskiy,68.75,161.3,-26.08,86,0,2.58,RU,1681135418
499,guane,22.2025,-84.0875,26.93,56,25,2.48,CU,1681135418
500,kribi,2.95,9.9167,27.77,73,100,2.86,CM,1681135419
501,lindon,40.3433,-111.7208,11.4,62,15,1.8,US,1681135420
502,kununurra,-15.7667,128.7333,24.99,94,100,1.54,AU,1681135420
503,humboldt,40.6665,-123.9178,5.63,92,82,1.78,US,1681135420
504,herne bay,51.373,1.1286,14.63,88,100,10.61,GB,1681135421
505,mahibadhoo,3.7833,72.9667,28.79,71,10,4.39,MV,1681135421
506,vredendal,-31.6683,18.5012,20.14,43,14,8.26,ZA,1681135421
507,aquidaba,-10.2814,-37.0186,30.29,52,100,3.29,BR,1681135422
508,lomovka,53.9194,58.3672,5.11,61,9,4.04,RU,1681135422
509,muskegon,43.3,-86.1334,13.47,48,75,7.72,US,1681135203
510,miguel hidalgo,19.4225,-99.2028,14.77,75,56,0.89,MX,1681135269
511,malinovoye ozero,51.6753,79.7825,7.9,36,76,3.44,RU,1681135423
512,aykhal,66.0,111.5,-26.65,100,84,3.05,RU,1681135423
513,orje,59.4802,11.6602,11.31,40,100,4.56,NO,1681135423
514,palmer,42.1584,-72.3287,11.99,48,9,0.89,US,1681135424
515,kabwe,-14.4469,28.4464,23.39,67,100,2.6,ZM,1681135424
516,moussoro,13.6408,16.4901,42.85,7,88,1.47,TD,1681135424
517,tautira,-17.7333,-149.15,26.88,77,100,5.61,PF,1681135425
518,klyuchi,52.2667,79.1667,8.18,36,18,3.63,RU,1681135425
519,berbera,10.4396,45.0143,28.68,77,32,6.13,SO,1681135425
520,tumwater,47.0073,-122.9093,7.72,97,100,0.0,US,1681135426
521,mancio lima,-7.6142,-72.8958,23.04,95,100,1.54,BR,1681135427
522,ulaanbaatar,47.9077,106.8832,-11.93,61,0,2.0,MN,1681135213
523,mandalgovi,45.7625,106.2708,-4.85,19,0,6.6,MN,1681135427
524,margate,51.3813,1.3862,13.72,75,100,4.47,GB,1681135428
525,andros,37.8333,24.9333,15.31,76,79,10.52,GR,1681135428
526,swan river,52.1058,-101.2676,-0.06,86,99,3.09,CA,1681135428
527,cefalu,38.0386,14.0229,15.86,75,60,6.71,IT,1681135429
528,ingham,42.6,-84.3833,13.42,49,0,2.57,US,1681135429
529,iguape,-24.7081,-47.5553,25.12,61,12,3.97,BR,1681135430
530,tarakan,3.3,117.6333,26.72,83,40,1.03,ID,1681135431
531,komsomolskiy,40.4272,71.7189,14.4,77,75,7.2,UZ,1681135431
532,malartic,48.1335,-78.1328,7.06,96,88,4.46,CA,1681135233
533,matagami,49.7502,-77.6328,7.06,53,0,5.14,CA,1681135432
534,san luis,-33.295,-66.3356,22.73,48,96,1.94,AR,1681135432
535,laranjeiras,-10.8064,-37.17,29.79,60,100,2.76,BR,1681135432
